{"cameraMode":{"drawMode":0,"name":"Shaded","section":"Shading Mode"},"sceneLighting":false,"audioPlay":false,"sceneViewState":{"m_AlwaysRefresh":false,"showFog":true,"showSkybox":false,"showFlares":true,"showImageEffects":true,"showParticleSystems":true,"showVisualEffectGraphs":true,"m_FxEnabled":true},"in2DMode":false,"pivot":{"x":0.06852799654006958,"y":2.9472885131835939,"z":-0.091093048453331},"rotation":{"x":0.11113222688436508,"y":0.7680817246437073,"z":-0.6152157783508301,"w":0.13898181915283204},"size":0.9626590013504028,"orthographic":false}