{"cameraMode":{"drawMode":0,"name":"Shaded","section":"Shading Mode"},"sceneLighting":false,"audioPlay":false,"sceneViewState":{"m_AlwaysRefresh":false,"showFog":true,"showSkybox":false,"showFlares":true,"showImageEffects":true,"showParticleSystems":true,"showVisualEffectGraphs":true,"m_FxEnabled":true},"in2DMode":false,"pivot":{"x":2.475170850753784,"y":2.0166432857513429,"z":1.8798986673355103},"rotation":{"x":-0.15084971487522126,"y":0.24400287866592408,"z":-0.03845423832535744,"w":-0.9571998715400696},"size":1.569398283958435,"orthographic":false}